,Color,BestMatch
1,Navy Blue,Beige
2,Charcoal,Soft Pink
3,Taupe,Ivory
4,Black,Gold
5,White,Soft Gray
6,Warm Gray,Blush Pink
7,Olive,Cream
8,Charcoal,Mustard
9,Forest Green,Sand
10,Slate Blue,Pale Yellow
11,Burgundy,Blush
12,Midnight Blue,Light Gray
13,Sage Green,White
14,Rust,Cream
15,Olive Green,Light Tan
16,Black,White
17,Brown,Beige
18,Charcoal,Coral
19,Soft Purple,Light Gray
20,Mint Green,Peach
21,Dusty Rose,Ivory
22,Navy Blue,Light Blue
23,Charcoal,Aqua
24,Terracotta,Light Gray
25,Maroon,Gold
26,Olive,Burgundy
27,Pale Blue,White
28,Charcoal,Gold
29,Coral,Light Gray
30,Teal,White
31,Forest Green,Gold
32,Navy,Blush
33,Charcoal,Lavender
34,Taupe,Olive
35,Dusty Pink,Sage Green
36,Navy Blue,Coral
37,Charcoal,Light Tan
38,Soft Pink,White
39,Olive Green,Dusty Rose
40,Mustard,Charcoal
41,Coral,Black
42,Taupe,Blush
43,Warm Beige,White
44,Pale Yellow,Gray
45,Dusty Blue,Light Gray
46,Olive,Mustard
47,Navy Blue,White
48,Charcoal,Dusty Rose
49,Teal,Beige
50,Coral,Gold
51,Pale Green,Charcoal
52,Soft Gray,White
53,Taupe,Coral
54,Olive Green,Blush Pink
55,Navy,Ivory
56,Charcoal,Sage Green
57,Warm Beige,Coral
58,Mint Green,Charcoal
59,Burgundy,Blush Pink
60,Olive,Pale Yellow
61,Navy Blue,Mustard
62,Charcoal,Teal
63,Soft Pink,Beige
64,Forest Green,Light Gray
65,Charcoal,White
66,Taupe,Dusty Rose
67,Navy Blue,Gold
68,Charcoal,Pale Yellow
69,Warm Gray,Light Pink
70,Olive,Light Tan
71,Teal,Cream
72,Navy,Soft Pink
73,Charcoal,Warm Beige
74,Forest Green,Pale Yellow
75,Coral,Soft Pink
76,Pale Blue,Charcoal
77,Navy Blue,Pale Yellow
78,Charcoal,Light Gray
79,Dusty Rose,White
80,Olive,Pale Blue
81,Navy,Mustard
82,Charcoal,Coral
83,Warm Beige,Light Gray
84,Taupe,Light Pink
85,Navy Blue,Blush Pink
86,Charcoal,Pale Blue
87,Soft Pink,Olive Green
88,Forest Green,Pale Blue
89,Charcoal,Soft Pink
90,Olive,Mustard
91,Navy Blue,Light Gray
92,Charcoal,Mint Green
93,Dusty Rose,Pale Yellow
94,Teal,Warm Beige
95,Navy,Dusty Rose
96,Charcoal,Ivory
97,Olive Green,Light Gray
98,Navy Blue,Coral
99,Charcoal,Pale Yellow
100,Taupe,Light Blue
101,Red,White
102,Red,Gold
103,Blue,White
104,Green,Black
105,Black,Gold
106,Red,Black
107,Blue,Gold
108,Green,Yellow
109,White,Red
110,Yellow,Blue
111,Red,Gray
112,Gold,Black
113,Blue,Yellow
114,Green,White
115,Black,Gold
116,White,Blue
117,Yellow,Red
118,Blue,Green
119,Black,White
120,Gray,Blue
121,Red,White
122,Gold,Blue
123,White,Gold
124,Blue,Black
125,Yellow,Black
126,Green,Gold
127,Red,Blue
128,Black,Red
129,White,Blue
130,Red,Gold
131,Blue,White
132,Green,Black
133,Yellow,Blue
134,White,Black
135,Black,Gold
136,Red,Green
137,Blue,Gray
138,White,Red
139,Gold,Black
140,Green,White
141,Black,Blue
142,Red,Yellow
143,Blue,Black
144,White,Green
145,Red,White
146,Blue,Gold
147,Green,Black
148,Yellow,Red
149,White,Blue
150,Black,White
151,Blue,Yellow
152,Gold,Red
153,Black,Green
154,White,Gray
